{
    "Record Header": {
        "Signature": "CSTY", 
        "Record Flags": {}, 
        "FormID": "01027AB7"
    }, 
    "EDID - Editor ID": "fbmwbmdefaultwerewolf", 
    "CSTD - Standard": {
        "Dodge % Chance": 75, 
        "Left/Right % Chance": 50, 
        "Unused": "1C 00 0E", 
        "Dodge L/R Timer (min)": 0.499999998737621, 
        "Dodge L/R Timer (max)": 1.49999999621286, 
        "Dodge Forward Timer (min)": 0.499999998737621, 
        "Dodge Forward Timer (max)": 0.999999997475243, 
        "Dodge Back Timer Min": 0.249999999368811, 
        "Dodge Back Timer Max": 0.749999998106432, 
        "Idle Timer min": 0.499999998737621, 
        "Idle Timer max": 1.49999999621286, 
        "Block % Chance": 30, 
        "Attack % Chance": 100, 
        "Recoil/Stagger Bonus to Attack": 29.9999999242573, 
        "Unconscious Bonus to Attack": 4.99999998737621, 
        "Hand-To-Hand Bonus to Attack": 4.99999998737621, 
        "Power Attack % Chance": 25, 
        "Recoil/Stagger Bonus to Power": 4.99999998737621, 
        "Unconscious Bonus to Power Attack": 4.99999998737621, 
        "Power Attack - Normal": 20, 
        "Power Attack - Forward": 20, 
        "Power Attack - Back": 20, 
        "Power Attack - Left": 20, 
        "Power Attack - Right": 20, 
        "Hold Timer (min)": 0.499999998737621, 
        "Hold Timer (max)": 1.49999999621286, 
        "Flags 1": {
            "Rejects Yields": true, 
            "Fleeing Disabled": true
        }, 
        "Acrobatic Dodge % Chance": 0, 
        "Range Mult (Optimal)": 0.999999997475243, 
        "Range Mult (Max)": 0.999999997475243, 
        "Switch Distance (Melee)": 250.000000368811, 
        "Switch Distance (Ranged)": 1000.00000047524, 
        "Buff standoff Distance": 325.000000179454, 
        "Ranged standoff Distance": 499.999999737621, 
        "Group standoff Distance": 325.000000179454, 
        "Rushing Attack % Chance": 25, 
        "Rushing Attack Distance Mult": 0.999999997475243, 
        "Flags 2": {}
    }
}