{
    "Record Header": {
        "Signature": "CSTY", 
        "Record Flags": {}, 
        "FormID": "01F8E83B"
    }, 
    "EDID - Editor ID": "mwHungerCS", 
    "CSTD - Standard": {
        "Dodge % Chance": 65, 
        "Left/Right % Chance": 25, 
        "Unused": "00 00 00", 
        "Dodge L/R Timer (min)": 0.999999997475243, 
        "Dodge L/R Timer (max)": 2.99999999242573, 
        "Dodge Forward Timer (min)": 0.999999997475243, 
        "Dodge Forward Timer (max)": 0.999999997475243, 
        "Dodge Back Timer Min": 0.999999997475243, 
        "Dodge Back Timer Max": 2.99999999242573, 
        "Idle Timer min": 0.999999997475243, 
        "Idle Timer max": 2.49999999368811, 
        "Block % Chance": 20, 
        "Attack % Chance": 90, 
        "Recoil/Stagger Bonus to Attack": 4.99999998737621, 
        "Unconscious Bonus to Attack": 9.99999997475243, 
        "Hand-To-Hand Bonus to Attack": 4.99999998737621, 
        "Power Attack % Chance": 40, 
        "Recoil/Stagger Bonus to Power": 4.99999998737621, 
        "Unconscious Bonus to Power Attack": 4.99999998737621, 
        "Power Attack - Normal": 25, 
        "Power Attack - Forward": 25, 
        "Power Attack - Back": 0, 
        "Power Attack - Left": 25, 
        "Power Attack - Right": 25, 
        "Hold Timer (min)": 0.999999997475243, 
        "Hold Timer (max)": 2.49999999368811, 
        "Flags 1": {
            "Advanced": true, 
            "Choose Attack using % Chance": true
        }, 
        "Acrobatic Dodge % Chance": 0, 
        "Range Mult (Optimal)": 0.999999997475243, 
        "Range Mult (Max)": 0.999999997475243, 
        "Switch Distance (Melee)": 250.000000368811, 
        "Switch Distance (Ranged)": 1000.00000047524, 
        "Buff standoff Distance": 325.000000179454, 
        "Ranged standoff Distance": 499.999999737621, 
        "Group standoff Distance": 325.000000179454, 
        "Rushing Attack % Chance": 50, 
        "Rushing Attack Distance Mult": 0.999999997475243, 
        "Flags 2": {}
    }, 
    "CSAD - Advanced": {
        "Dodge Fatigue Mod Mult": -19.9999999495049, 
        "Dodge Fatigue Mod Base": 0, 
        "Encumb. Speed Mod Base": -109.999999722277, 
        "Encumb. Speed Mod Mult": 0.999999997475243, 
        "Dodge While Under Attack Mult": 0.999999997475243, 
        "Dodge Not Under Attack Mult": 0.749999998106432, 
        "Dodge Back While Under Attack Mult": 0.999999997475243, 
        "Dodge Back Not Under Attack Mult": 0.69999999823267, 
        "Dodge Forward While Attacking Mult": 0.999999997475243, 
        "Dodge Forward Not Attacking Mult": 0.499999998737621, 
        "Block Skill Modifier Mult": 19.9999999495049, 
        "Block Skill Modifier Base": 0, 
        "Block While Under Attack Mult": 1.99999999495049, 
        "Block Not Under Attack Mult": 0.999999997475243, 
        "Attack Skill Modifier Mult": 19.9999999495049, 
        "Attack Skill Modifier Base": 0, 
        "Attack While Under Attack Mult": 0.999999997475243, 
        "Attack Not Under Attack Mult": 1.49999999621286, 
        "Attack During Block Mult": 0.749999998106432, 
        "Power Att. Fatigue Mod Base": 4.99999998737621, 
        "Power Att. Fatigue Mod Mult": -9.99999997475243
    }
}