{
    "Record Header": {
        "Signature": "TREE", 
        "Record Flags": {}, 
        "FormID": "0100EA9F"
    }, 
    "EDID - Editor ID": "fbmwTreeWeepingWillowSUdead", 
    "Model": {
        "MODL - Model Filename": "\\TreeWeepingWillowSU.spt", 
        "MODB - Bound Radius": 1448.52807634282
    }, 
    "ICON - Icon filename": "fbmwMHtreeweepingwillowleavesdead.dds", 
    "SNAM - SpeedTree Seeds": [
        216980
    ], 
    "CNAM - Tree Data": {
        "Leaf Curvature": 2.49999999368811, 
        "Minimum Leaf Angle": 4.99999998737621, 
        "Maximum Leaf Angle": 84.9999997853956, 
        "Branch Dimming Value": 0.499999998737621, 
        "Leaf Dimming Value": 0.69999999823267, 
        "Shadow Radius": 320, 
        "Rock Speed": 0.999999997475243, 
        "Rustle Speed": 1.19999999697029
    }, 
    "BNAM - Billboard Dimensions": {
        "Width": 1199.99999997029, 
        "Height": 1199.99999997029
    }
}